,label
GCA_000830275.1_ASM83027v1_10,False
GCA_000830275.1_ASM83027v1_1010,True
GCA_000830275.1_ASM83027v1_1017,False
GCA_000830275.1_ASM83027v1_1018,False
GCA_000830275.1_ASM83027v1_1023,False
GCA_000830275.1_ASM83027v1_1061,False
GCA_000830275.1_ASM83027v1_1062,False
GCA_000830275.1_ASM83027v1_1064,False
GCA_000830275.1_ASM83027v1_1083,False
GCA_000830275.1_ASM83027v1_1152,False
GCA_000830275.1_ASM83027v1_1156,True
GCA_000830275.1_ASM83027v1_1169,False
GCA_000830275.1_ASM83027v1_1184,True
GCA_000830275.1_ASM83027v1_1216,False
GCA_000830275.1_ASM83027v1_1220,False
GCA_000830275.1_ASM83027v1_1269,False
GCA_000830275.1_ASM83027v1_1308,False
GCA_000830275.1_ASM83027v1_1326,False
GCA_000830275.1_ASM83027v1_1339,True
GCA_000830275.1_ASM83027v1_162,False
GCA_000830275.1_ASM83027v1_174,True
GCA_000830275.1_ASM83027v1_190,False
GCA_000830275.1_ASM83027v1_191,False
GCA_000830275.1_ASM83027v1_198,False
GCA_000830275.1_ASM83027v1_203,False
GCA_000830275.1_ASM83027v1_207,False
GCA_000830275.1_ASM83027v1_229,True
GCA_000830275.1_ASM83027v1_302,False
GCA_000830275.1_ASM83027v1_362,True
GCA_000830275.1_ASM83027v1_363,True
GCA_000830275.1_ASM83027v1_385,False
GCA_000830275.1_ASM83027v1_392,False
GCA_000830275.1_ASM83027v1_401,True
GCA_000830275.1_ASM83027v1_405,False
GCA_000830275.1_ASM83027v1_413,False
GCA_000830275.1_ASM83027v1_418,False
GCA_000830275.1_ASM83027v1_449,True
GCA_000830275.1_ASM83027v1_461,True
GCA_000830275.1_ASM83027v1_503,False
GCA_000830275.1_ASM83027v1_505,False
GCA_000830275.1_ASM83027v1_540,False
GCA_000830275.1_ASM83027v1_570,False
GCA_000830275.1_ASM83027v1_664,False
GCA_000830275.1_ASM83027v1_668,False
GCA_000830275.1_ASM83027v1_689,True
GCA_000830275.1_ASM83027v1_700,False
GCA_000830275.1_ASM83027v1_701,False
GCA_000830275.1_ASM83027v1_708,True
GCA_000830275.1_ASM83027v1_714,True
GCA_000830275.1_ASM83027v1_730,False
GCA_000830275.1_ASM83027v1_771,False
GCA_000830275.1_ASM83027v1_772,True
GCA_000830275.1_ASM83027v1_786,False
GCA_000830275.1_ASM83027v1_797,True
GCA_000830275.1_ASM83027v1_825,False
GCA_000830275.1_ASM83027v1_853,False
GCA_000830275.1_ASM83027v1_855,False
GCA_000830275.1_ASM83027v1_856,False
GCA_000830275.1_ASM83027v1_862,False
GCA_000830275.1_ASM83027v1_878,False
GCA_000830275.1_ASM83027v1_958,True
GCA_000830275.1_ASM83027v1_969,True
GCA_000830275.1_ASM83027v1_980,True
GCA_000830275.1_ASM83027v1_997,False
GCA_000830315.1_ASM83031v1_120,True
GCA_000830315.1_ASM83031v1_157,True
GCA_000830315.1_ASM83031v1_16,False
GCA_000830315.1_ASM83031v1_180,True
GCA_000830315.1_ASM83031v1_195,False
GCA_000830315.1_ASM83031v1_206,False
GCA_000830315.1_ASM83031v1_245,False
GCA_000830315.1_ASM83031v1_249,False
GCA_000830315.1_ASM83031v1_251,True
GCA_000830315.1_ASM83031v1_27,True
GCA_000830315.1_ASM83031v1_300,False
GCA_000830315.1_ASM83031v1_342,False
GCA_000830315.1_ASM83031v1_343,False
GCA_000830315.1_ASM83031v1_349,False
GCA_000830315.1_ASM83031v1_398,False
GCA_000830315.1_ASM83031v1_399,True
GCA_000830315.1_ASM83031v1_466,False
GCA_000830315.1_ASM83031v1_474,False
GCA_000830315.1_ASM83031v1_480,False
GCA_000830315.1_ASM83031v1_516,False
GCA_000830315.1_ASM83031v1_559,False
GCA_000830315.1_ASM83031v1_563,False
GCA_000830315.1_ASM83031v1_575,True
GCA_000830315.1_ASM83031v1_594,False
GCA_000830315.1_ASM83031v1_595,False
GCA_000830315.1_ASM83031v1_597,True
GCA_000830315.1_ASM83031v1_627,True
GCA_000830315.1_ASM83031v1_650,False
GCA_000830315.1_ASM83031v1_662,False
GCA_000830315.1_ASM83031v1_669,True
GCA_000830315.1_ASM83031v1_691,False
GCA_000830315.1_ASM83031v1_712,False
GCA_000830315.1_ASM83031v1_713,False
GCA_000830315.1_ASM83031v1_73,False
GCA_000830315.1_ASM83031v1_746,False
GCA_000830315.1_ASM83031v1_769,False
GCA_000830315.1_ASM83031v1_807,False
GCA_000830315.1_ASM83031v1_857,False
GCA_000830315.1_ASM83031v1_86,True
GCA_000830315.1_ASM83031v1_864,False
GCA_000830315.1_ASM83031v1_914,True
GCA_000830315.1_ASM83031v1_949,True
GCA_000830315.1_ASM83031v1_984,True
GCA_000830315.1_ASM83031v1_992,False
GCA_000965745.1_ASM96574v1_1003,False
GCA_000965745.1_ASM96574v1_1016,False
GCA_000965745.1_ASM96574v1_1046,False
GCA_000965745.1_ASM96574v1_1095,False
GCA_000965745.1_ASM96574v1_110,False
GCA_000965745.1_ASM96574v1_1111,False
GCA_000965745.1_ASM96574v1_1117,False
GCA_000965745.1_ASM96574v1_1121,False
GCA_000965745.1_ASM96574v1_1184,False
GCA_000965745.1_ASM96574v1_1223,True
GCA_000965745.1_ASM96574v1_1235,False
GCA_000965745.1_ASM96574v1_1240,False
GCA_000965745.1_ASM96574v1_1292,True
GCA_000965745.1_ASM96574v1_1306,False
GCA_000965745.1_ASM96574v1_1316,False
GCA_000965745.1_ASM96574v1_135,False
GCA_000965745.1_ASM96574v1_1393,False
GCA_000965745.1_ASM96574v1_1404,True
GCA_000965745.1_ASM96574v1_1434,False
GCA_000965745.1_ASM96574v1_145,False
GCA_000965745.1_ASM96574v1_147,False
GCA_000965745.1_ASM96574v1_1551,False
GCA_000965745.1_ASM96574v1_1579,False
GCA_000965745.1_ASM96574v1_158,False
GCA_000965745.1_ASM96574v1_1602,False
GCA_000965745.1_ASM96574v1_1619,True
GCA_000965745.1_ASM96574v1_1632,False
GCA_000965745.1_ASM96574v1_1678,False
GCA_000965745.1_ASM96574v1_1691,False
GCA_000965745.1_ASM96574v1_1705,False
GCA_000965745.1_ASM96574v1_1833,False
GCA_000965745.1_ASM96574v1_1849,False
GCA_000965745.1_ASM96574v1_1854,True
GCA_000965745.1_ASM96574v1_1861,True
GCA_000965745.1_ASM96574v1_1862,False
GCA_000965745.1_ASM96574v1_195,False
GCA_000965745.1_ASM96574v1_213,False
GCA_000965745.1_ASM96574v1_224,False
GCA_000965745.1_ASM96574v1_24,False
GCA_000965745.1_ASM96574v1_250,True
GCA_000965745.1_ASM96574v1_270,False
GCA_000965745.1_ASM96574v1_352,False
GCA_000965745.1_ASM96574v1_354,False
GCA_000965745.1_ASM96574v1_397,False
GCA_000965745.1_ASM96574v1_406,False
GCA_000965745.1_ASM96574v1_41,False
GCA_000965745.1_ASM96574v1_438,False
GCA_000965745.1_ASM96574v1_44,True
GCA_000965745.1_ASM96574v1_470,False
GCA_000965745.1_ASM96574v1_508,False
GCA_000965745.1_ASM96574v1_515,True
GCA_000965745.1_ASM96574v1_528,False
GCA_000965745.1_ASM96574v1_536,True
GCA_000965745.1_ASM96574v1_537,True
GCA_000965745.1_ASM96574v1_566,True
GCA_000965745.1_ASM96574v1_572,False
GCA_000965745.1_ASM96574v1_575,False
GCA_000965745.1_ASM96574v1_623,False
GCA_000965745.1_ASM96574v1_629,False
GCA_000965745.1_ASM96574v1_638,False
GCA_000965745.1_ASM96574v1_670,False
GCA_000965745.1_ASM96574v1_674,False
GCA_000965745.1_ASM96574v1_696,True
GCA_000965745.1_ASM96574v1_716,False
GCA_000965745.1_ASM96574v1_807,False
GCA_000965745.1_ASM96574v1_818,False
GCA_000965745.1_ASM96574v1_83,False
GCA_000965745.1_ASM96574v1_89,False
GCA_000965745.1_ASM96574v1_934,False
GCA_000965745.1_ASM96574v1_972,False
GCA_000965745.1_ASM96574v1_980,True
GCA_013348845.1_ASM1334884v1_1003,False
GCA_013348845.1_ASM1334884v1_1011,True
GCA_013348845.1_ASM1334884v1_1019,True
GCA_013348845.1_ASM1334884v1_1021,False
GCA_013348845.1_ASM1334884v1_1033,True
GCA_013348845.1_ASM1334884v1_1035,True
GCA_013348845.1_ASM1334884v1_104,False
GCA_013348845.1_ASM1334884v1_1046,False
GCA_013348845.1_ASM1334884v1_105,True
GCA_013348845.1_ASM1334884v1_1056,False
GCA_013348845.1_ASM1334884v1_1065,False
GCA_013348845.1_ASM1334884v1_1069,True
GCA_013348845.1_ASM1334884v1_1079,False
GCA_013348845.1_ASM1334884v1_1109,True
GCA_013348845.1_ASM1334884v1_1133,False
GCA_013348845.1_ASM1334884v1_1138,False
GCA_013348845.1_ASM1334884v1_1171,False
GCA_013348845.1_ASM1334884v1_1190,False
GCA_013348845.1_ASM1334884v1_122,True
GCA_013348845.1_ASM1334884v1_1234,False
GCA_013348845.1_ASM1334884v1_1273,True
GCA_013348845.1_ASM1334884v1_1278,False
GCA_013348845.1_ASM1334884v1_1284,False
GCA_013348845.1_ASM1334884v1_1287,False
GCA_013348845.1_ASM1334884v1_133,False
GCA_013348845.1_ASM1334884v1_1340,False
GCA_013348845.1_ASM1334884v1_1348,False
GCA_013348845.1_ASM1334884v1_1392,False
GCA_013348845.1_ASM1334884v1_1393,False
GCA_013348845.1_ASM1334884v1_1394,True
GCA_013348845.1_ASM1334884v1_1395,True
GCA_013348845.1_ASM1334884v1_1423,False
GCA_013348845.1_ASM1334884v1_1447,False
GCA_013348845.1_ASM1334884v1_1461,False
GCA_013348845.1_ASM1334884v1_1474,False
GCA_013348845.1_ASM1334884v1_1493,False
GCA_013348845.1_ASM1334884v1_1504,True
GCA_013348845.1_ASM1334884v1_1507,False
GCA_013348845.1_ASM1334884v1_153,True
GCA_013348845.1_ASM1334884v1_1539,False
GCA_013348845.1_ASM1334884v1_1549,False
GCA_013348845.1_ASM1334884v1_1604,False
GCA_013348845.1_ASM1334884v1_1627,False
GCA_013348845.1_ASM1334884v1_1630,False
GCA_013348845.1_ASM1334884v1_1641,False
GCA_013348845.1_ASM1334884v1_1644,False
GCA_013348845.1_ASM1334884v1_1698,False
GCA_013348845.1_ASM1334884v1_170,False
GCA_013348845.1_ASM1334884v1_1735,False
GCA_013348845.1_ASM1334884v1_1737,False
GCA_013348845.1_ASM1334884v1_1738,False
GCA_013348845.1_ASM1334884v1_1746,False
GCA_013348845.1_ASM1334884v1_1758,True
GCA_013348845.1_ASM1334884v1_1791,False
GCA_013348845.1_ASM1334884v1_1827,True
GCA_013348845.1_ASM1334884v1_1851,False
GCA_013348845.1_ASM1334884v1_1897,True
GCA_013348845.1_ASM1334884v1_1933,False
GCA_013348845.1_ASM1334884v1_1939,False
GCA_013348845.1_ASM1334884v1_196,False
GCA_013348845.1_ASM1334884v1_2007,True
GCA_013348845.1_ASM1334884v1_209,False
GCA_013348845.1_ASM1334884v1_235,False
GCA_013348845.1_ASM1334884v1_239,False
GCA_013348845.1_ASM1334884v1_243,False
GCA_013348845.1_ASM1334884v1_299,False
GCA_013348845.1_ASM1334884v1_355,False
GCA_013348845.1_ASM1334884v1_376,True
GCA_013348845.1_ASM1334884v1_386,False
GCA_013348845.1_ASM1334884v1_41,False
GCA_013348845.1_ASM1334884v1_411,True
GCA_013348845.1_ASM1334884v1_427,True
GCA_013348845.1_ASM1334884v1_473,False
GCA_013348845.1_ASM1334884v1_479,False
GCA_013348845.1_ASM1334884v1_480,False
GCA_013348845.1_ASM1334884v1_481,False
GCA_013348845.1_ASM1334884v1_492,False
GCA_013348845.1_ASM1334884v1_494,True
GCA_013348845.1_ASM1334884v1_521,False
GCA_013348845.1_ASM1334884v1_524,False
GCA_013348845.1_ASM1334884v1_548,False
GCA_013348845.1_ASM1334884v1_553,False
GCA_013348845.1_ASM1334884v1_56,False
GCA_013348845.1_ASM1334884v1_579,False
GCA_013348845.1_ASM1334884v1_590,False
GCA_013348845.1_ASM1334884v1_596,True
GCA_013348845.1_ASM1334884v1_648,True
GCA_013348845.1_ASM1334884v1_654,False
GCA_013348845.1_ASM1334884v1_676,False
GCA_013348845.1_ASM1334884v1_694,True
GCA_013348845.1_ASM1334884v1_709,False
GCA_013348845.1_ASM1334884v1_716,True
GCA_013348845.1_ASM1334884v1_74,False
GCA_013348845.1_ASM1334884v1_774,False
GCA_013348845.1_ASM1334884v1_796,False
GCA_013348845.1_ASM1334884v1_797,False
GCA_013348845.1_ASM1334884v1_801,False
GCA_013348845.1_ASM1334884v1_818,False
GCA_013348845.1_ASM1334884v1_830,True
GCA_013348845.1_ASM1334884v1_837,True
GCA_013348845.1_ASM1334884v1_849,False
GCA_013348845.1_ASM1334884v1_869,False
GCA_013348845.1_ASM1334884v1_92,True
GCA_013348845.1_ASM1334884v1_922,False
GCA_013348845.1_ASM1334884v1_957,True
GCA_013348845.1_ASM1334884v1_982,False
GCA_013348845.1_ASM1334884v1_994,True
GCA_013374135.1_ASM1337413v1_1009,True
GCA_013374135.1_ASM1337413v1_1010,False
GCA_013374135.1_ASM1337413v1_1062,False
GCA_013374135.1_ASM1337413v1_1093,False
GCA_013374135.1_ASM1337413v1_1108,False
GCA_013374135.1_ASM1337413v1_114,False
GCA_013374135.1_ASM1337413v1_1141,False
GCA_013374135.1_ASM1337413v1_1143,False
GCA_013374135.1_ASM1337413v1_1152,False
GCA_013374135.1_ASM1337413v1_118,True
GCA_013374135.1_ASM1337413v1_1207,False
GCA_013374135.1_ASM1337413v1_1235,False
GCA_013374135.1_ASM1337413v1_1246,False
GCA_013374135.1_ASM1337413v1_1279,False
GCA_013374135.1_ASM1337413v1_1296,False
GCA_013374135.1_ASM1337413v1_1313,False
GCA_013374135.1_ASM1337413v1_1327,False
GCA_013374135.1_ASM1337413v1_1342,False
GCA_013374135.1_ASM1337413v1_137,False
GCA_013374135.1_ASM1337413v1_1385,False
GCA_013374135.1_ASM1337413v1_1407,False
GCA_013374135.1_ASM1337413v1_1436,False
GCA_013374135.1_ASM1337413v1_1443,True
GCA_013374135.1_ASM1337413v1_1445,True
GCA_013374135.1_ASM1337413v1_146,True
GCA_013374135.1_ASM1337413v1_161,False
GCA_013374135.1_ASM1337413v1_202,True
GCA_013374135.1_ASM1337413v1_27,True
GCA_013374135.1_ASM1337413v1_271,False
GCA_013374135.1_ASM1337413v1_287,False
GCA_013374135.1_ASM1337413v1_326,False
GCA_013374135.1_ASM1337413v1_329,False
GCA_013374135.1_ASM1337413v1_34,True
GCA_013374135.1_ASM1337413v1_357,False
GCA_013374135.1_ASM1337413v1_360,True
GCA_013374135.1_ASM1337413v1_382,True
GCA_013374135.1_ASM1337413v1_396,False
GCA_013374135.1_ASM1337413v1_4,False
GCA_013374135.1_ASM1337413v1_472,False
GCA_013374135.1_ASM1337413v1_477,False
GCA_013374135.1_ASM1337413v1_517,False
GCA_013374135.1_ASM1337413v1_52,False
GCA_013374135.1_ASM1337413v1_540,False
GCA_013374135.1_ASM1337413v1_541,True
GCA_013374135.1_ASM1337413v1_542,False
GCA_013374135.1_ASM1337413v1_574,False
GCA_013374135.1_ASM1337413v1_614,False
GCA_013374135.1_ASM1337413v1_634,False
GCA_013374135.1_ASM1337413v1_651,False
GCA_013374135.1_ASM1337413v1_679,False
GCA_013374135.1_ASM1337413v1_707,False
GCA_013374135.1_ASM1337413v1_71,False
GCA_013374135.1_ASM1337413v1_711,False
GCA_013374135.1_ASM1337413v1_724,True
GCA_013374135.1_ASM1337413v1_758,True
GCA_013374135.1_ASM1337413v1_760,True
GCA_013374135.1_ASM1337413v1_763,False
GCA_013374135.1_ASM1337413v1_798,False
GCA_013374135.1_ASM1337413v1_821,False
GCA_013374135.1_ASM1337413v1_823,True
GCA_013374135.1_ASM1337413v1_824,True
GCA_013374135.1_ASM1337413v1_857,False
GCA_013374135.1_ASM1337413v1_902,False
GCA_013374135.1_ASM1337413v1_922,True
GCA_013374135.1_ASM1337413v1_925,True
GCA_013374135.1_ASM1337413v1_930,False
GCA_013374135.1_ASM1337413v1_950,False
GCA_013374135.1_ASM1337413v1_952,False
GCA_013374135.1_ASM1337413v1_997,False
GCA_014058405.1_ASM1405840v1_102,True
GCA_014058405.1_ASM1405840v1_1041,False
GCA_014058405.1_ASM1405840v1_1045,False
GCA_014058405.1_ASM1405840v1_1060,False
GCA_014058405.1_ASM1405840v1_1072,False
GCA_014058405.1_ASM1405840v1_1084,False
GCA_014058405.1_ASM1405840v1_1098,False
GCA_014058405.1_ASM1405840v1_1140,False
GCA_014058405.1_ASM1405840v1_1141,False
GCA_014058405.1_ASM1405840v1_1146,True
GCA_014058405.1_ASM1405840v1_1153,True
GCA_014058405.1_ASM1405840v1_1178,False
GCA_014058405.1_ASM1405840v1_1179,True
GCA_014058405.1_ASM1405840v1_118,False
GCA_014058405.1_ASM1405840v1_1184,False
GCA_014058405.1_ASM1405840v1_1200,False
GCA_014058405.1_ASM1405840v1_1216,True
GCA_014058405.1_ASM1405840v1_1230,False
GCA_014058405.1_ASM1405840v1_1253,True
GCA_014058405.1_ASM1405840v1_1318,False
GCA_014058405.1_ASM1405840v1_1405,False
GCA_014058405.1_ASM1405840v1_1447,True
GCA_014058405.1_ASM1405840v1_1548,False
GCA_014058405.1_ASM1405840v1_1553,False
GCA_014058405.1_ASM1405840v1_1596,True
GCA_014058405.1_ASM1405840v1_1608,False
GCA_014058405.1_ASM1405840v1_1611,False
GCA_014058405.1_ASM1405840v1_1612,False
GCA_014058405.1_ASM1405840v1_1678,False
GCA_014058405.1_ASM1405840v1_1722,True
GCA_014058405.1_ASM1405840v1_1753,False
GCA_014058405.1_ASM1405840v1_1755,False
GCA_014058405.1_ASM1405840v1_1764,False
GCA_014058405.1_ASM1405840v1_177,True
GCA_014058405.1_ASM1405840v1_1805,True
GCA_014058405.1_ASM1405840v1_1855,False
GCA_014058405.1_ASM1405840v1_1865,True
GCA_014058405.1_ASM1405840v1_1874,True
GCA_014058405.1_ASM1405840v1_1894,False
GCA_014058405.1_ASM1405840v1_1910,True
GCA_014058405.1_ASM1405840v1_1965,False
GCA_014058405.1_ASM1405840v1_2001,False
GCA_014058405.1_ASM1405840v1_2005,False
GCA_014058405.1_ASM1405840v1_2013,False
GCA_014058405.1_ASM1405840v1_2017,True
GCA_014058405.1_ASM1405840v1_2019,True
GCA_014058405.1_ASM1405840v1_2065,False
GCA_014058405.1_ASM1405840v1_2070,True
GCA_014058405.1_ASM1405840v1_2071,True
GCA_014058405.1_ASM1405840v1_2090,False
GCA_014058405.1_ASM1405840v1_2091,True
GCA_014058405.1_ASM1405840v1_2122,False
GCA_014058405.1_ASM1405840v1_2142,True
GCA_014058405.1_ASM1405840v1_218,True
GCA_014058405.1_ASM1405840v1_2194,False
GCA_014058405.1_ASM1405840v1_2222,False
GCA_014058405.1_ASM1405840v1_2250,False
GCA_014058405.1_ASM1405840v1_2256,False
GCA_014058405.1_ASM1405840v1_2294,False
GCA_014058405.1_ASM1405840v1_2308,False
GCA_014058405.1_ASM1405840v1_2341,False
GCA_014058405.1_ASM1405840v1_2348,False
GCA_014058405.1_ASM1405840v1_243,True
GCA_014058405.1_ASM1405840v1_2455,True
GCA_014058405.1_ASM1405840v1_2465,True
GCA_014058405.1_ASM1405840v1_2466,True
GCA_014058405.1_ASM1405840v1_2479,True
GCA_014058405.1_ASM1405840v1_2501,True
GCA_014058405.1_ASM1405840v1_2574,True
GCA_014058405.1_ASM1405840v1_2576,False
GCA_014058405.1_ASM1405840v1_2590,False
GCA_014058405.1_ASM1405840v1_2613,False
GCA_014058405.1_ASM1405840v1_2628,False
GCA_014058405.1_ASM1405840v1_2646,True
GCA_014058405.1_ASM1405840v1_2662,True
GCA_014058405.1_ASM1405840v1_2670,False
GCA_014058405.1_ASM1405840v1_2673,False
GCA_014058405.1_ASM1405840v1_2679,True
GCA_014058405.1_ASM1405840v1_2688,False
GCA_014058405.1_ASM1405840v1_2693,False
GCA_014058405.1_ASM1405840v1_2791,False
GCA_014058405.1_ASM1405840v1_2823,True
GCA_014058405.1_ASM1405840v1_2897,True
GCA_014058405.1_ASM1405840v1_2906,False
GCA_014058405.1_ASM1405840v1_2942,False
GCA_014058405.1_ASM1405840v1_2970,False
GCA_014058405.1_ASM1405840v1_3007,False
GCA_014058405.1_ASM1405840v1_3024,True
GCA_014058405.1_ASM1405840v1_3031,True
GCA_014058405.1_ASM1405840v1_306,False
GCA_014058405.1_ASM1405840v1_308,False
GCA_014058405.1_ASM1405840v1_3080,False
GCA_014058405.1_ASM1405840v1_3090,False
GCA_014058405.1_ASM1405840v1_3102,False
GCA_014058405.1_ASM1405840v1_3103,True
GCA_014058405.1_ASM1405840v1_3115,True
GCA_014058405.1_ASM1405840v1_3125,True
GCA_014058405.1_ASM1405840v1_313,False
GCA_014058405.1_ASM1405840v1_3140,False
GCA_014058405.1_ASM1405840v1_315,False
GCA_014058405.1_ASM1405840v1_3184,False
GCA_014058405.1_ASM1405840v1_3200,False
GCA_014058405.1_ASM1405840v1_321,False
GCA_014058405.1_ASM1405840v1_3229,False
GCA_014058405.1_ASM1405840v1_323,False
GCA_014058405.1_ASM1405840v1_325,False
GCA_014058405.1_ASM1405840v1_327,True
GCA_014058405.1_ASM1405840v1_3282,False
GCA_014058405.1_ASM1405840v1_329,True
GCA_014058405.1_ASM1405840v1_3294,False
GCA_014058405.1_ASM1405840v1_3356,True
GCA_014058405.1_ASM1405840v1_3363,True
GCA_014058405.1_ASM1405840v1_3368,True
GCA_014058405.1_ASM1405840v1_3374,False
GCA_014058405.1_ASM1405840v1_3398,False
GCA_014058405.1_ASM1405840v1_3403,False
GCA_014058405.1_ASM1405840v1_3416,True
GCA_014058405.1_ASM1405840v1_3441,True
GCA_014058405.1_ASM1405840v1_3448,False
GCA_014058405.1_ASM1405840v1_3449,False
GCA_014058405.1_ASM1405840v1_3458,False
GCA_014058405.1_ASM1405840v1_3480,True
GCA_014058405.1_ASM1405840v1_3486,False
GCA_014058405.1_ASM1405840v1_3499,False
GCA_014058405.1_ASM1405840v1_3506,False
GCA_014058405.1_ASM1405840v1_3552,True
GCA_014058405.1_ASM1405840v1_3580,False
GCA_014058405.1_ASM1405840v1_3602,False
GCA_014058405.1_ASM1405840v1_3622,False
GCA_014058405.1_ASM1405840v1_3627,True
GCA_014058405.1_ASM1405840v1_3648,False
GCA_014058405.1_ASM1405840v1_3662,True
GCA_014058405.1_ASM1405840v1_3674,False
GCA_014058405.1_ASM1405840v1_3706,True
GCA_014058405.1_ASM1405840v1_374,False
GCA_014058405.1_ASM1405840v1_3763,False
GCA_014058405.1_ASM1405840v1_377,False
GCA_014058405.1_ASM1405840v1_3772,False
GCA_014058405.1_ASM1405840v1_3797,False
GCA_014058405.1_ASM1405840v1_3809,False
GCA_014058405.1_ASM1405840v1_3823,False
GCA_014058405.1_ASM1405840v1_3825,False
GCA_014058405.1_ASM1405840v1_3851,False
GCA_014058405.1_ASM1405840v1_3879,False
GCA_014058405.1_ASM1405840v1_3913,False
GCA_014058405.1_ASM1405840v1_3930,False
GCA_014058405.1_ASM1405840v1_3968,False
GCA_014058405.1_ASM1405840v1_3980,True
GCA_014058405.1_ASM1405840v1_4018,False
GCA_014058405.1_ASM1405840v1_4020,False
GCA_014058405.1_ASM1405840v1_4044,False
GCA_014058405.1_ASM1405840v1_4063,False
GCA_014058405.1_ASM1405840v1_4123,False
GCA_014058405.1_ASM1405840v1_4149,True
GCA_014058405.1_ASM1405840v1_4163,True
GCA_014058405.1_ASM1405840v1_4185,False
GCA_014058405.1_ASM1405840v1_4189,False
GCA_014058405.1_ASM1405840v1_423,False
GCA_014058405.1_ASM1405840v1_438,False
GCA_014058405.1_ASM1405840v1_448,False
GCA_014058405.1_ASM1405840v1_458,False
GCA_014058405.1_ASM1405840v1_466,True
GCA_014058405.1_ASM1405840v1_483,False
GCA_014058405.1_ASM1405840v1_501,False
GCA_014058405.1_ASM1405840v1_503,False
GCA_014058405.1_ASM1405840v1_528,True
GCA_014058405.1_ASM1405840v1_536,False
GCA_014058405.1_ASM1405840v1_556,False
GCA_014058405.1_ASM1405840v1_647,False
GCA_014058405.1_ASM1405840v1_650,False
GCA_014058405.1_ASM1405840v1_660,True
GCA_014058405.1_ASM1405840v1_661,False
GCA_014058405.1_ASM1405840v1_664,True
GCA_014058405.1_ASM1405840v1_674,False
GCA_014058405.1_ASM1405840v1_677,False
GCA_014058405.1_ASM1405840v1_693,True
GCA_014058405.1_ASM1405840v1_731,True
GCA_014058405.1_ASM1405840v1_733,False
GCA_014058405.1_ASM1405840v1_742,True
GCA_014058405.1_ASM1405840v1_753,True
GCA_014058405.1_ASM1405840v1_756,False
GCA_014058405.1_ASM1405840v1_775,False
GCA_014058405.1_ASM1405840v1_821,True
GCA_014058405.1_ASM1405840v1_892,False
GCA_014058405.1_ASM1405840v1_90,False
GCA_014058405.1_ASM1405840v1_912,True
GCA_014058405.1_ASM1405840v1_936,False
GCA_014529665.2_ASM1452966v2_1063,False
GCA_014529665.2_ASM1452966v2_1104,True
GCA_014529665.2_ASM1452966v2_1204,False
GCA_014529665.2_ASM1452966v2_1236,False
GCA_014529665.2_ASM1452966v2_1327,True
GCA_014529665.2_ASM1452966v2_1335,False
GCA_014529665.2_ASM1452966v2_1480,True
GCA_014529665.2_ASM1452966v2_1524,True
GCA_014529665.2_ASM1452966v2_1558,False
GCA_014529665.2_ASM1452966v2_1751,False
GCA_014529665.2_ASM1452966v2_191,True
GCA_014529665.2_ASM1452966v2_195,False
GCA_014529665.2_ASM1452966v2_2050,True
GCA_014529665.2_ASM1452966v2_207,True
GCA_014529665.2_ASM1452966v2_2082,True
GCA_014529665.2_ASM1452966v2_2209,False
GCA_014529665.2_ASM1452966v2_2230,True
GCA_014529665.2_ASM1452966v2_2231,True
GCA_014529665.2_ASM1452966v2_2243,False
GCA_014529665.2_ASM1452966v2_2275,False
GCA_014529665.2_ASM1452966v2_2305,False
GCA_014529665.2_ASM1452966v2_2472,True
GCA_014529665.2_ASM1452966v2_2605,True
GCA_014529665.2_ASM1452966v2_2637,False
GCA_014529665.2_ASM1452966v2_264,True
GCA_014529665.2_ASM1452966v2_2701,False
GCA_014529665.2_ASM1452966v2_285,False
GCA_014529665.2_ASM1452966v2_2863,True
GCA_014529665.2_ASM1452966v2_291,False
GCA_014529665.2_ASM1452966v2_293,False
GCA_014529665.2_ASM1452966v2_2966,True
GCA_014529665.2_ASM1452966v2_3355,True
GCA_014529665.2_ASM1452966v2_364,True
GCA_014529665.2_ASM1452966v2_3743,False
GCA_014529665.2_ASM1452966v2_3870,True
GCA_014529665.2_ASM1452966v2_4,False
GCA_014529665.2_ASM1452966v2_448,False
GCA_014529665.2_ASM1452966v2_464,False
GCA_014529665.2_ASM1452966v2_520,False
GCA_014529665.2_ASM1452966v2_525,False
GCA_014529665.2_ASM1452966v2_656,False
GCA_014529665.2_ASM1452966v2_677,True
GCA_014529665.2_ASM1452966v2_721,True
GCA_014529665.2_ASM1452966v2_77,False
GCA_014529665.2_ASM1452966v2_852,False
GCA_014529665.2_ASM1452966v2_884,False
GCA_014529665.2_ASM1452966v2_904,True
GCA_014529665.2_ASM1452966v2_909,True
GCA_014529665.2_ASM1452966v2_937,False
GCA_014529665.2_ASM1452966v2_939,False
GCA_014529665.2_ASM1452966v2_947,True
GCA_014529665.2_ASM1452966v2_976,False
GCA_014529665.2_ASM1452966v2_98,False
GCA_014529675.2_ASM1452967v2_114,False
GCA_014529675.2_ASM1452967v2_1144,False
GCA_014529675.2_ASM1452967v2_1148,False
GCA_014529675.2_ASM1452967v2_1174,False
GCA_014529675.2_ASM1452967v2_1185,False
GCA_014529675.2_ASM1452967v2_1219,False
GCA_014529675.2_ASM1452967v2_1235,True
GCA_014529675.2_ASM1452967v2_1241,True
GCA_014529675.2_ASM1452967v2_1243,False
GCA_014529675.2_ASM1452967v2_1268,True
GCA_014529675.2_ASM1452967v2_1280,False
GCA_014529675.2_ASM1452967v2_1314,False
GCA_014529675.2_ASM1452967v2_1396,False
GCA_014529675.2_ASM1452967v2_1402,False
GCA_014529675.2_ASM1452967v2_1463,False
GCA_014529675.2_ASM1452967v2_1591,False
GCA_014529675.2_ASM1452967v2_1593,True
GCA_014529675.2_ASM1452967v2_1599,True
GCA_014529675.2_ASM1452967v2_1655,True
GCA_014529675.2_ASM1452967v2_1669,True
GCA_014529675.2_ASM1452967v2_1755,False
GCA_014529675.2_ASM1452967v2_1756,False
GCA_014529675.2_ASM1452967v2_1762,True
GCA_014529675.2_ASM1452967v2_180,False
GCA_014529675.2_ASM1452967v2_1807,False
GCA_014529675.2_ASM1452967v2_1812,False
GCA_014529675.2_ASM1452967v2_1861,False
GCA_014529675.2_ASM1452967v2_19,False
GCA_014529675.2_ASM1452967v2_1916,False
GCA_014529675.2_ASM1452967v2_1919,True
GCA_014529675.2_ASM1452967v2_1983,False
GCA_014529675.2_ASM1452967v2_1991,False
GCA_014529675.2_ASM1452967v2_2018,False
GCA_014529675.2_ASM1452967v2_2020,True
GCA_014529675.2_ASM1452967v2_2044,True
GCA_014529675.2_ASM1452967v2_2045,False
GCA_014529675.2_ASM1452967v2_2074,True
GCA_014529675.2_ASM1452967v2_2080,False
GCA_014529675.2_ASM1452967v2_2115,True
GCA_014529675.2_ASM1452967v2_2117,True
GCA_014529675.2_ASM1452967v2_2144,False
GCA_014529675.2_ASM1452967v2_218,False
GCA_014529675.2_ASM1452967v2_2181,False
GCA_014529675.2_ASM1452967v2_2187,False
GCA_014529675.2_ASM1452967v2_2217,True
GCA_014529675.2_ASM1452967v2_2218,False
GCA_014529675.2_ASM1452967v2_2241,True
GCA_014529675.2_ASM1452967v2_2315,False
GCA_014529675.2_ASM1452967v2_2342,False
GCA_014529675.2_ASM1452967v2_2364,False
GCA_014529675.2_ASM1452967v2_2375,True
GCA_014529675.2_ASM1452967v2_2409,True
GCA_014529675.2_ASM1452967v2_2432,False
GCA_014529675.2_ASM1452967v2_2437,False
GCA_014529675.2_ASM1452967v2_2579,False
GCA_014529675.2_ASM1452967v2_2610,False
GCA_014529675.2_ASM1452967v2_2645,False
GCA_014529675.2_ASM1452967v2_2661,False
GCA_014529675.2_ASM1452967v2_2726,False
GCA_014529675.2_ASM1452967v2_2742,False
GCA_014529675.2_ASM1452967v2_2757,False
GCA_014529675.2_ASM1452967v2_2772,False
GCA_014529675.2_ASM1452967v2_2790,False
GCA_014529675.2_ASM1452967v2_2801,False
GCA_014529675.2_ASM1452967v2_2804,False
GCA_014529675.2_ASM1452967v2_2819,False
GCA_014529675.2_ASM1452967v2_2844,False
GCA_014529675.2_ASM1452967v2_2858,False
GCA_014529675.2_ASM1452967v2_2913,True
GCA_014529675.2_ASM1452967v2_2956,False
GCA_014529675.2_ASM1452967v2_2982,True
GCA_014529675.2_ASM1452967v2_3110,False
GCA_014529675.2_ASM1452967v2_3128,True
GCA_014529675.2_ASM1452967v2_3148,True
GCA_014529675.2_ASM1452967v2_3225,True
GCA_014529675.2_ASM1452967v2_3246,False
GCA_014529675.2_ASM1452967v2_3393,False
GCA_014529675.2_ASM1452967v2_3414,True
GCA_014529675.2_ASM1452967v2_3415,False
GCA_014529675.2_ASM1452967v2_3437,False
GCA_014529675.2_ASM1452967v2_3451,True
GCA_014529675.2_ASM1452967v2_3463,False
GCA_014529675.2_ASM1452967v2_3472,False
GCA_014529675.2_ASM1452967v2_3478,True
GCA_014529675.2_ASM1452967v2_3493,True
GCA_014529675.2_ASM1452967v2_3520,False
GCA_014529675.2_ASM1452967v2_3587,False
GCA_014529675.2_ASM1452967v2_3634,False
GCA_014529675.2_ASM1452967v2_3660,False
GCA_014529675.2_ASM1452967v2_3670,False
GCA_014529675.2_ASM1452967v2_3674,True
GCA_014529675.2_ASM1452967v2_3689,True
GCA_014529675.2_ASM1452967v2_3704,False
GCA_014529675.2_ASM1452967v2_3765,False
GCA_014529675.2_ASM1452967v2_3790,False
GCA_014529675.2_ASM1452967v2_3834,False
GCA_014529675.2_ASM1452967v2_3849,True
GCA_014529675.2_ASM1452967v2_3860,True
GCA_014529675.2_ASM1452967v2_3871,True
GCA_014529675.2_ASM1452967v2_3907,True
GCA_014529675.2_ASM1452967v2_3936,True
GCA_014529675.2_ASM1452967v2_3938,True
GCA_014529675.2_ASM1452967v2_3943,False
GCA_014529675.2_ASM1452967v2_3998,False
GCA_014529675.2_ASM1452967v2_4040,True
GCA_014529675.2_ASM1452967v2_4055,True
GCA_014529675.2_ASM1452967v2_4074,False
GCA_014529675.2_ASM1452967v2_4075,False
GCA_014529675.2_ASM1452967v2_411,False
GCA_014529675.2_ASM1452967v2_528,False
GCA_014529675.2_ASM1452967v2_533,False
GCA_014529675.2_ASM1452967v2_626,True
GCA_014529675.2_ASM1452967v2_629,True
GCA_014529675.2_ASM1452967v2_633,False
GCA_014529675.2_ASM1452967v2_667,False
GCA_014529675.2_ASM1452967v2_734,False
GCA_014529675.2_ASM1452967v2_816,False
GCA_014529675.2_ASM1452967v2_889,False
GCA_014529675.2_ASM1452967v2_916,False
GCA_014529675.2_ASM1452967v2_980,False
GCA_014873095.1_ASM1487309v1_1003,True
GCA_014873095.1_ASM1487309v1_1047,False
GCA_014873095.1_ASM1487309v1_1062,True
GCA_014873095.1_ASM1487309v1_1088,True
GCA_014873095.1_ASM1487309v1_1122,False
GCA_014873095.1_ASM1487309v1_1168,False
GCA_014873095.1_ASM1487309v1_1195,False
GCA_014873095.1_ASM1487309v1_1219,False
GCA_014873095.1_ASM1487309v1_1234,False
GCA_014873095.1_ASM1487309v1_1235,True
GCA_014873095.1_ASM1487309v1_1240,False
GCA_014873095.1_ASM1487309v1_1266,False
GCA_014873095.1_ASM1487309v1_1274,True
GCA_014873095.1_ASM1487309v1_1293,True
GCA_014873095.1_ASM1487309v1_1295,False
GCA_014873095.1_ASM1487309v1_13,False
GCA_014873095.1_ASM1487309v1_1319,False
GCA_014873095.1_ASM1487309v1_1358,False
GCA_014873095.1_ASM1487309v1_1376,False
GCA_014873095.1_ASM1487309v1_1377,False
GCA_014873095.1_ASM1487309v1_144,True
GCA_014873095.1_ASM1487309v1_1440,False
GCA_014873095.1_ASM1487309v1_1442,True
GCA_014873095.1_ASM1487309v1_1444,True
GCA_014873095.1_ASM1487309v1_1456,True
GCA_014873095.1_ASM1487309v1_1490,False
GCA_014873095.1_ASM1487309v1_1495,False
GCA_014873095.1_ASM1487309v1_1528,False
GCA_014873095.1_ASM1487309v1_1543,False
GCA_014873095.1_ASM1487309v1_1589,False
GCA_014873095.1_ASM1487309v1_1593,False
GCA_014873095.1_ASM1487309v1_1619,False
GCA_014873095.1_ASM1487309v1_1623,False
GCA_014873095.1_ASM1487309v1_1647,False
GCA_014873095.1_ASM1487309v1_1695,False
GCA_014873095.1_ASM1487309v1_1706,True
GCA_014873095.1_ASM1487309v1_1711,True
GCA_014873095.1_ASM1487309v1_1712,False
GCA_014873095.1_ASM1487309v1_1733,False
GCA_014873095.1_ASM1487309v1_1736,False
GCA_014873095.1_ASM1487309v1_1783,True
GCA_014873095.1_ASM1487309v1_1790,False
GCA_014873095.1_ASM1487309v1_1806,True
GCA_014873095.1_ASM1487309v1_1816,False
GCA_014873095.1_ASM1487309v1_1852,True
GCA_014873095.1_ASM1487309v1_1859,False
GCA_014873095.1_ASM1487309v1_186,False
GCA_014873095.1_ASM1487309v1_1925,False
GCA_014873095.1_ASM1487309v1_1927,True
GCA_014873095.1_ASM1487309v1_1936,True
GCA_014873095.1_ASM1487309v1_1960,False
GCA_014873095.1_ASM1487309v1_2036,False
GCA_014873095.1_ASM1487309v1_2120,True
GCA_014873095.1_ASM1487309v1_2132,True
GCA_014873095.1_ASM1487309v1_2133,False
GCA_014873095.1_ASM1487309v1_2145,True
GCA_014873095.1_ASM1487309v1_2156,True
GCA_014873095.1_ASM1487309v1_2158,False
GCA_014873095.1_ASM1487309v1_2169,False
GCA_014873095.1_ASM1487309v1_2195,True
GCA_014873095.1_ASM1487309v1_2202,False
GCA_014873095.1_ASM1487309v1_2214,False
GCA_014873095.1_ASM1487309v1_2246,False
GCA_014873095.1_ASM1487309v1_2249,True
GCA_014873095.1_ASM1487309v1_2304,True
GCA_014873095.1_ASM1487309v1_2310,False
GCA_014873095.1_ASM1487309v1_2325,False
GCA_014873095.1_ASM1487309v1_233,False
GCA_014873095.1_ASM1487309v1_2336,True
GCA_014873095.1_ASM1487309v1_2340,False
GCA_014873095.1_ASM1487309v1_2343,False
GCA_014873095.1_ASM1487309v1_2350,True
GCA_014873095.1_ASM1487309v1_2366,False
GCA_014873095.1_ASM1487309v1_2367,False
GCA_014873095.1_ASM1487309v1_2373,False
GCA_014873095.1_ASM1487309v1_2382,True
GCA_014873095.1_ASM1487309v1_2387,False
GCA_014873095.1_ASM1487309v1_2410,True
GCA_014873095.1_ASM1487309v1_2412,True
GCA_014873095.1_ASM1487309v1_2420,True
GCA_014873095.1_ASM1487309v1_2438,False
GCA_014873095.1_ASM1487309v1_2455,True
GCA_014873095.1_ASM1487309v1_2478,True
GCA_014873095.1_ASM1487309v1_2519,False
GCA_014873095.1_ASM1487309v1_2522,False
GCA_014873095.1_ASM1487309v1_2524,False
GCA_014873095.1_ASM1487309v1_2533,True
GCA_014873095.1_ASM1487309v1_2534,False
GCA_014873095.1_ASM1487309v1_2570,True
GCA_014873095.1_ASM1487309v1_2640,False
GCA_014873095.1_ASM1487309v1_2683,False
GCA_014873095.1_ASM1487309v1_2731,False
GCA_014873095.1_ASM1487309v1_2745,True
GCA_014873095.1_ASM1487309v1_2746,False
GCA_014873095.1_ASM1487309v1_281,False
GCA_014873095.1_ASM1487309v1_2825,False
GCA_014873095.1_ASM1487309v1_2836,True
GCA_014873095.1_ASM1487309v1_2840,False
GCA_014873095.1_ASM1487309v1_2876,True
GCA_014873095.1_ASM1487309v1_2883,True
GCA_014873095.1_ASM1487309v1_2884,True
GCA_014873095.1_ASM1487309v1_2891,False
GCA_014873095.1_ASM1487309v1_2942,False
GCA_014873095.1_ASM1487309v1_3015,False
GCA_014873095.1_ASM1487309v1_306,False
GCA_014873095.1_ASM1487309v1_3078,True
GCA_014873095.1_ASM1487309v1_3080,True
GCA_014873095.1_ASM1487309v1_3082,True
GCA_014873095.1_ASM1487309v1_3123,True
GCA_014873095.1_ASM1487309v1_3196,False
GCA_014873095.1_ASM1487309v1_3203,False
GCA_014873095.1_ASM1487309v1_3251,False
GCA_014873095.1_ASM1487309v1_3291,True
GCA_014873095.1_ASM1487309v1_3357,True
GCA_014873095.1_ASM1487309v1_3369,True
GCA_014873095.1_ASM1487309v1_3379,True
GCA_014873095.1_ASM1487309v1_3402,False
GCA_014873095.1_ASM1487309v1_3430,False
GCA_014873095.1_ASM1487309v1_3432,False
GCA_014873095.1_ASM1487309v1_3433,False
GCA_014873095.1_ASM1487309v1_3443,False
GCA_014873095.1_ASM1487309v1_3444,False
GCA_014873095.1_ASM1487309v1_3482,False
GCA_014873095.1_ASM1487309v1_3486,False
GCA_014873095.1_ASM1487309v1_3490,False
GCA_014873095.1_ASM1487309v1_3506,False
GCA_014873095.1_ASM1487309v1_3538,False
GCA_014873095.1_ASM1487309v1_3539,False
GCA_014873095.1_ASM1487309v1_3571,False
GCA_014873095.1_ASM1487309v1_3625,False
GCA_014873095.1_ASM1487309v1_3633,False
GCA_014873095.1_ASM1487309v1_3638,True
GCA_014873095.1_ASM1487309v1_3644,True
GCA_014873095.1_ASM1487309v1_3653,False
GCA_014873095.1_ASM1487309v1_3679,False
GCA_014873095.1_ASM1487309v1_3720,True
GCA_014873095.1_ASM1487309v1_3775,False
GCA_014873095.1_ASM1487309v1_3776,False
GCA_014873095.1_ASM1487309v1_3804,False
GCA_014873095.1_ASM1487309v1_3809,False
GCA_014873095.1_ASM1487309v1_3813,False
GCA_014873095.1_ASM1487309v1_3829,False
GCA_014873095.1_ASM1487309v1_3852,False
GCA_014873095.1_ASM1487309v1_3862,False
GCA_014873095.1_ASM1487309v1_3871,True
GCA_014873095.1_ASM1487309v1_3876,False
GCA_014873095.1_ASM1487309v1_39,False
GCA_014873095.1_ASM1487309v1_3950,False
GCA_014873095.1_ASM1487309v1_3953,True
GCA_014873095.1_ASM1487309v1_3985,True
GCA_014873095.1_ASM1487309v1_4010,True
GCA_014873095.1_ASM1487309v1_4033,False
GCA_014873095.1_ASM1487309v1_4036,False
GCA_014873095.1_ASM1487309v1_4063,False
GCA_014873095.1_ASM1487309v1_4085,False
GCA_014873095.1_ASM1487309v1_4094,False
GCA_014873095.1_ASM1487309v1_4103,False
GCA_014873095.1_ASM1487309v1_4117,True
GCA_014873095.1_ASM1487309v1_415,False
GCA_014873095.1_ASM1487309v1_4156,False
GCA_014873095.1_ASM1487309v1_4180,True
GCA_014873095.1_ASM1487309v1_4196,False
GCA_014873095.1_ASM1487309v1_4220,False
GCA_014873095.1_ASM1487309v1_4259,True
GCA_014873095.1_ASM1487309v1_4291,False
GCA_014873095.1_ASM1487309v1_4294,False
GCA_014873095.1_ASM1487309v1_4346,False
GCA_014873095.1_ASM1487309v1_4376,True
GCA_014873095.1_ASM1487309v1_4382,False
GCA_014873095.1_ASM1487309v1_4406,False
GCA_014873095.1_ASM1487309v1_4441,True
GCA_014873095.1_ASM1487309v1_4444,True
GCA_014873095.1_ASM1487309v1_4448,True
GCA_014873095.1_ASM1487309v1_4476,False
GCA_014873095.1_ASM1487309v1_4479,False
GCA_014873095.1_ASM1487309v1_4482,False
GCA_014873095.1_ASM1487309v1_4488,False
GCA_014873095.1_ASM1487309v1_4508,True
GCA_014873095.1_ASM1487309v1_4553,False
GCA_014873095.1_ASM1487309v1_4556,False
GCA_014873095.1_ASM1487309v1_4567,False
GCA_014873095.1_ASM1487309v1_460,False
GCA_014873095.1_ASM1487309v1_4642,False
GCA_014873095.1_ASM1487309v1_4691,False
GCA_014873095.1_ASM1487309v1_47,False
GCA_014873095.1_ASM1487309v1_4717,False
GCA_014873095.1_ASM1487309v1_4753,True
GCA_014873095.1_ASM1487309v1_4778,False
GCA_014873095.1_ASM1487309v1_478,False
GCA_014873095.1_ASM1487309v1_4780,True
GCA_014873095.1_ASM1487309v1_4787,False
GCA_014873095.1_ASM1487309v1_4796,False
GCA_014873095.1_ASM1487309v1_4799,True
GCA_014873095.1_ASM1487309v1_4824,False
GCA_014873095.1_ASM1487309v1_506,False
GCA_014873095.1_ASM1487309v1_543,True
GCA_014873095.1_ASM1487309v1_544,False
GCA_014873095.1_ASM1487309v1_575,False
GCA_014873095.1_ASM1487309v1_588,True
GCA_014873095.1_ASM1487309v1_610,False
GCA_014873095.1_ASM1487309v1_627,False
GCA_014873095.1_ASM1487309v1_634,False
GCA_014873095.1_ASM1487309v1_636,True
GCA_014873095.1_ASM1487309v1_644,True
GCA_014873095.1_ASM1487309v1_651,False
GCA_014873095.1_ASM1487309v1_711,False
GCA_014873095.1_ASM1487309v1_746,False
GCA_014873095.1_ASM1487309v1_766,True
GCA_014873095.1_ASM1487309v1_781,False
GCA_014873095.1_ASM1487309v1_798,True
GCA_014873095.1_ASM1487309v1_80,True
GCA_014873095.1_ASM1487309v1_803,False
GCA_014873095.1_ASM1487309v1_834,True
GCA_014873095.1_ASM1487309v1_841,True
GCA_014873095.1_ASM1487309v1_857,True
GCA_014873095.1_ASM1487309v1_861,True
GCA_014873095.1_ASM1487309v1_875,False
GCA_014873095.1_ASM1487309v1_878,True
GCA_014873095.1_ASM1487309v1_881,True
GCA_014873095.1_ASM1487309v1_888,True
GCA_014873095.1_ASM1487309v1_893,True
GCA_014873095.1_ASM1487309v1_898,True
GCA_014873095.1_ASM1487309v1_906,False
GCA_014873095.1_ASM1487309v1_913,False
GCA_015099395.1_ASM1509939v1_1008,False
GCA_015099395.1_ASM1509939v1_1032,True
GCA_015099395.1_ASM1509939v1_1035,False
GCA_015099395.1_ASM1509939v1_1042,True
GCA_015099395.1_ASM1509939v1_1046,False
GCA_015099395.1_ASM1509939v1_1062,False
GCA_015099395.1_ASM1509939v1_1065,False
GCA_015099395.1_ASM1509939v1_1078,True
GCA_015099395.1_ASM1509939v1_1096,False
GCA_015099395.1_ASM1509939v1_1106,False
GCA_015099395.1_ASM1509939v1_1107,True
GCA_015099395.1_ASM1509939v1_1123,False
GCA_015099395.1_ASM1509939v1_115,False
GCA_015099395.1_ASM1509939v1_1169,False
GCA_015099395.1_ASM1509939v1_1181,False
GCA_015099395.1_ASM1509939v1_1191,False
GCA_015099395.1_ASM1509939v1_1203,True
GCA_015099395.1_ASM1509939v1_1224,False
GCA_015099395.1_ASM1509939v1_1272,False
GCA_015099395.1_ASM1509939v1_133,True
GCA_015099395.1_ASM1509939v1_134,False
GCA_015099395.1_ASM1509939v1_1347,False
GCA_015099395.1_ASM1509939v1_1364,False
GCA_015099395.1_ASM1509939v1_1389,False
GCA_015099395.1_ASM1509939v1_1425,True
GCA_015099395.1_ASM1509939v1_1438,True
GCA_015099395.1_ASM1509939v1_1443,False
GCA_015099395.1_ASM1509939v1_1444,False
GCA_015099395.1_ASM1509939v1_1450,False
GCA_015099395.1_ASM1509939v1_148,False
GCA_015099395.1_ASM1509939v1_1486,False
GCA_015099395.1_ASM1509939v1_1492,False
GCA_015099395.1_ASM1509939v1_1502,False
GCA_015099395.1_ASM1509939v1_1506,False
GCA_015099395.1_ASM1509939v1_1510,False
GCA_015099395.1_ASM1509939v1_1530,True
GCA_015099395.1_ASM1509939v1_1532,False
GCA_015099395.1_ASM1509939v1_1539,False
GCA_015099395.1_ASM1509939v1_1606,False
GCA_015099395.1_ASM1509939v1_1640,True
GCA_015099395.1_ASM1509939v1_1654,False
GCA_015099395.1_ASM1509939v1_1657,False
GCA_015099395.1_ASM1509939v1_1674,True
GCA_015099395.1_ASM1509939v1_1694,True
GCA_015099395.1_ASM1509939v1_1785,False
GCA_015099395.1_ASM1509939v1_1795,False
GCA_015099395.1_ASM1509939v1_1853,False
GCA_015099395.1_ASM1509939v1_1854,True
GCA_015099395.1_ASM1509939v1_1855,False
GCA_015099395.1_ASM1509939v1_1857,False
GCA_015099395.1_ASM1509939v1_1917,False
GCA_015099395.1_ASM1509939v1_1944,False
GCA_015099395.1_ASM1509939v1_1959,False
GCA_015099395.1_ASM1509939v1_1963,False
GCA_015099395.1_ASM1509939v1_1975,True
GCA_015099395.1_ASM1509939v1_1976,True
GCA_015099395.1_ASM1509939v1_1987,True
GCA_015099395.1_ASM1509939v1_2061,True
GCA_015099395.1_ASM1509939v1_2095,False
GCA_015099395.1_ASM1509939v1_2136,False
GCA_015099395.1_ASM1509939v1_2162,False
GCA_015099395.1_ASM1509939v1_217,True
GCA_015099395.1_ASM1509939v1_2200,False
GCA_015099395.1_ASM1509939v1_2210,True
GCA_015099395.1_ASM1509939v1_2245,False
GCA_015099395.1_ASM1509939v1_2254,False
GCA_015099395.1_ASM1509939v1_2260,False
GCA_015099395.1_ASM1509939v1_2272,False
GCA_015099395.1_ASM1509939v1_2285,False
GCA_015099395.1_ASM1509939v1_2315,True
GCA_015099395.1_ASM1509939v1_2318,True
GCA_015099395.1_ASM1509939v1_2322,True
GCA_015099395.1_ASM1509939v1_2323,True
GCA_015099395.1_ASM1509939v1_2330,True
GCA_015099395.1_ASM1509939v1_2388,True
GCA_015099395.1_ASM1509939v1_2409,False
GCA_015099395.1_ASM1509939v1_2427,False
GCA_015099395.1_ASM1509939v1_2431,True
GCA_015099395.1_ASM1509939v1_2451,True
GCA_015099395.1_ASM1509939v1_2454,False
GCA_015099395.1_ASM1509939v1_246,False
GCA_015099395.1_ASM1509939v1_2464,True
GCA_015099395.1_ASM1509939v1_2468,True
GCA_015099395.1_ASM1509939v1_2501,False
GCA_015099395.1_ASM1509939v1_2514,False
GCA_015099395.1_ASM1509939v1_2534,True
GCA_015099395.1_ASM1509939v1_2553,True
GCA_015099395.1_ASM1509939v1_2557,True
GCA_015099395.1_ASM1509939v1_2573,False
GCA_015099395.1_ASM1509939v1_2587,False
GCA_015099395.1_ASM1509939v1_2590,False
GCA_015099395.1_ASM1509939v1_2592,False
GCA_015099395.1_ASM1509939v1_2595,True
GCA_015099395.1_ASM1509939v1_2641,False
GCA_015099395.1_ASM1509939v1_2644,False
GCA_015099395.1_ASM1509939v1_2670,False
GCA_015099395.1_ASM1509939v1_2685,False
GCA_015099395.1_ASM1509939v1_2696,True
GCA_015099395.1_ASM1509939v1_2703,True
GCA_015099395.1_ASM1509939v1_2715,True
GCA_015099395.1_ASM1509939v1_2724,False
GCA_015099395.1_ASM1509939v1_2758,True
GCA_015099395.1_ASM1509939v1_276,True
GCA_015099395.1_ASM1509939v1_2761,True
GCA_015099395.1_ASM1509939v1_2783,False
GCA_015099395.1_ASM1509939v1_2788,True
GCA_015099395.1_ASM1509939v1_2796,False
GCA_015099395.1_ASM1509939v1_280,False
GCA_015099395.1_ASM1509939v1_2807,True
GCA_015099395.1_ASM1509939v1_2840,False
GCA_015099395.1_ASM1509939v1_2855,True
GCA_015099395.1_ASM1509939v1_2869,False
GCA_015099395.1_ASM1509939v1_2882,False
GCA_015099395.1_ASM1509939v1_2915,False
GCA_015099395.1_ASM1509939v1_2921,False
GCA_015099395.1_ASM1509939v1_2926,True
GCA_015099395.1_ASM1509939v1_2948,False
GCA_015099395.1_ASM1509939v1_2982,False
GCA_015099395.1_ASM1509939v1_3,False
GCA_015099395.1_ASM1509939v1_300,False
GCA_015099395.1_ASM1509939v1_3004,False
GCA_015099395.1_ASM1509939v1_3005,False
GCA_015099395.1_ASM1509939v1_3013,False
GCA_015099395.1_ASM1509939v1_3019,False
GCA_015099395.1_ASM1509939v1_3036,True
GCA_015099395.1_ASM1509939v1_3077,False
GCA_015099395.1_ASM1509939v1_3078,False
GCA_015099395.1_ASM1509939v1_3081,False
GCA_015099395.1_ASM1509939v1_3093,True
GCA_015099395.1_ASM1509939v1_3105,False
GCA_015099395.1_ASM1509939v1_3111,True
GCA_015099395.1_ASM1509939v1_3120,False
GCA_015099395.1_ASM1509939v1_3141,True
GCA_015099395.1_ASM1509939v1_3144,False
GCA_015099395.1_ASM1509939v1_3150,True
GCA_015099395.1_ASM1509939v1_3164,True
GCA_015099395.1_ASM1509939v1_3165,True
GCA_015099395.1_ASM1509939v1_3170,False
GCA_015099395.1_ASM1509939v1_3172,False
GCA_015099395.1_ASM1509939v1_3195,False
GCA_015099395.1_ASM1509939v1_3221,True
GCA_015099395.1_ASM1509939v1_3225,False
GCA_015099395.1_ASM1509939v1_3246,False
GCA_015099395.1_ASM1509939v1_3250,False
GCA_015099395.1_ASM1509939v1_3262,False
GCA_015099395.1_ASM1509939v1_3304,True
GCA_015099395.1_ASM1509939v1_3312,False
GCA_015099395.1_ASM1509939v1_3325,False
GCA_015099395.1_ASM1509939v1_3345,True
GCA_015099395.1_ASM1509939v1_335,False
GCA_015099395.1_ASM1509939v1_3378,False
GCA_015099395.1_ASM1509939v1_3387,False
GCA_015099395.1_ASM1509939v1_3399,False
GCA_015099395.1_ASM1509939v1_3403,False
GCA_015099395.1_ASM1509939v1_3404,False
GCA_015099395.1_ASM1509939v1_3414,False
GCA_015099395.1_ASM1509939v1_3415,False
GCA_015099395.1_ASM1509939v1_3417,False
GCA_015099395.1_ASM1509939v1_3447,False
GCA_015099395.1_ASM1509939v1_3492,True
GCA_015099395.1_ASM1509939v1_3513,False
GCA_015099395.1_ASM1509939v1_3517,False
GCA_015099395.1_ASM1509939v1_3534,True
GCA_015099395.1_ASM1509939v1_355,True
GCA_015099395.1_ASM1509939v1_3559,False
GCA_015099395.1_ASM1509939v1_3560,False
GCA_015099395.1_ASM1509939v1_3565,False
GCA_015099395.1_ASM1509939v1_3566,True
GCA_015099395.1_ASM1509939v1_3579,True
GCA_015099395.1_ASM1509939v1_3580,False
GCA_015099395.1_ASM1509939v1_3581,False
GCA_015099395.1_ASM1509939v1_359,False
GCA_015099395.1_ASM1509939v1_360,False
GCA_015099395.1_ASM1509939v1_3613,True
GCA_015099395.1_ASM1509939v1_363,False
GCA_015099395.1_ASM1509939v1_3630,True
GCA_015099395.1_ASM1509939v1_3640,True
GCA_015099395.1_ASM1509939v1_3642,True
GCA_015099395.1_ASM1509939v1_3676,False
GCA_015099395.1_ASM1509939v1_3691,False
GCA_015099395.1_ASM1509939v1_3694,True
GCA_015099395.1_ASM1509939v1_37,False
GCA_015099395.1_ASM1509939v1_3722,False
GCA_015099395.1_ASM1509939v1_3729,False
GCA_015099395.1_ASM1509939v1_3731,False
GCA_015099395.1_ASM1509939v1_3743,False
GCA_015099395.1_ASM1509939v1_3784,True
GCA_015099395.1_ASM1509939v1_3815,False
GCA_015099395.1_ASM1509939v1_3858,False
GCA_015099395.1_ASM1509939v1_3866,True
GCA_015099395.1_ASM1509939v1_3868,False
GCA_015099395.1_ASM1509939v1_3870,False
GCA_015099395.1_ASM1509939v1_3879,False
GCA_015099395.1_ASM1509939v1_3901,False
GCA_015099395.1_ASM1509939v1_3902,False
GCA_015099395.1_ASM1509939v1_3906,True
GCA_015099395.1_ASM1509939v1_3927,False
GCA_015099395.1_ASM1509939v1_3964,True
GCA_015099395.1_ASM1509939v1_3972,True
GCA_015099395.1_ASM1509939v1_3974,True
GCA_015099395.1_ASM1509939v1_40,False
GCA_015099395.1_ASM1509939v1_4005,False
GCA_015099395.1_ASM1509939v1_4021,True
GCA_015099395.1_ASM1509939v1_4022,True
GCA_015099395.1_ASM1509939v1_4023,False
GCA_015099395.1_ASM1509939v1_4042,True
GCA_015099395.1_ASM1509939v1_4043,True
GCA_015099395.1_ASM1509939v1_4098,False
GCA_015099395.1_ASM1509939v1_4137,False
GCA_015099395.1_ASM1509939v1_415,False
GCA_015099395.1_ASM1509939v1_4164,True
GCA_015099395.1_ASM1509939v1_4171,False
GCA_015099395.1_ASM1509939v1_4181,False
GCA_015099395.1_ASM1509939v1_422,True
GCA_015099395.1_ASM1509939v1_4223,True
GCA_015099395.1_ASM1509939v1_4231,True
GCA_015099395.1_ASM1509939v1_4249,True
GCA_015099395.1_ASM1509939v1_4295,True
GCA_015099395.1_ASM1509939v1_4304,True
GCA_015099395.1_ASM1509939v1_4327,False
GCA_015099395.1_ASM1509939v1_4340,False
GCA_015099395.1_ASM1509939v1_4359,True
GCA_015099395.1_ASM1509939v1_4373,False
GCA_015099395.1_ASM1509939v1_4374,True
GCA_015099395.1_ASM1509939v1_441,True
GCA_015099395.1_ASM1509939v1_4446,True
GCA_015099395.1_ASM1509939v1_4468,False
GCA_015099395.1_ASM1509939v1_4487,True
GCA_015099395.1_ASM1509939v1_4508,True
GCA_015099395.1_ASM1509939v1_4551,False
GCA_015099395.1_ASM1509939v1_4556,True
GCA_015099395.1_ASM1509939v1_4573,False
GCA_015099395.1_ASM1509939v1_4638,True
GCA_015099395.1_ASM1509939v1_4672,False
GCA_015099395.1_ASM1509939v1_4677,True
GCA_015099395.1_ASM1509939v1_4709,False
GCA_015099395.1_ASM1509939v1_4728,False
GCA_015099395.1_ASM1509939v1_4743,True
GCA_015099395.1_ASM1509939v1_4793,True
GCA_015099395.1_ASM1509939v1_48,False
GCA_015099395.1_ASM1509939v1_4827,False
GCA_015099395.1_ASM1509939v1_4838,True
GCA_015099395.1_ASM1509939v1_4844,False
GCA_015099395.1_ASM1509939v1_4880,True
GCA_015099395.1_ASM1509939v1_4896,False
GCA_015099395.1_ASM1509939v1_4902,True
GCA_015099395.1_ASM1509939v1_4934,False
GCA_015099395.1_ASM1509939v1_4938,False
GCA_015099395.1_ASM1509939v1_4967,False
GCA_015099395.1_ASM1509939v1_4980,False
GCA_015099395.1_ASM1509939v1_4993,False
GCA_015099395.1_ASM1509939v1_5002,False
GCA_015099395.1_ASM1509939v1_5022,True
GCA_015099395.1_ASM1509939v1_5024,False
GCA_015099395.1_ASM1509939v1_5031,False
GCA_015099395.1_ASM1509939v1_504,False
GCA_015099395.1_ASM1509939v1_5099,True
GCA_015099395.1_ASM1509939v1_5101,False
GCA_015099395.1_ASM1509939v1_5116,True
GCA_015099395.1_ASM1509939v1_5125,False
GCA_015099395.1_ASM1509939v1_5126,False
GCA_015099395.1_ASM1509939v1_5149,True
GCA_015099395.1_ASM1509939v1_5187,True
GCA_015099395.1_ASM1509939v1_5192,True
GCA_015099395.1_ASM1509939v1_5202,False
GCA_015099395.1_ASM1509939v1_5206,False
GCA_015099395.1_ASM1509939v1_5222,False
GCA_015099395.1_ASM1509939v1_526,False
GCA_015099395.1_ASM1509939v1_5265,True
GCA_015099395.1_ASM1509939v1_5267,True
GCA_015099395.1_ASM1509939v1_5313,False
GCA_015099395.1_ASM1509939v1_5314,False
GCA_015099395.1_ASM1509939v1_5361,True
GCA_015099395.1_ASM1509939v1_5362,True
GCA_015099395.1_ASM1509939v1_5363,True
GCA_015099395.1_ASM1509939v1_5364,True
GCA_015099395.1_ASM1509939v1_5374,False
GCA_015099395.1_ASM1509939v1_5376,True
GCA_015099395.1_ASM1509939v1_5377,True
GCA_015099395.1_ASM1509939v1_5385,True
GCA_015099395.1_ASM1509939v1_5390,False
GCA_015099395.1_ASM1509939v1_5392,True
GCA_015099395.1_ASM1509939v1_5399,True
GCA_015099395.1_ASM1509939v1_5401,False
GCA_015099395.1_ASM1509939v1_5418,True
GCA_015099395.1_ASM1509939v1_5452,False
GCA_015099395.1_ASM1509939v1_5457,True
GCA_015099395.1_ASM1509939v1_5462,True
GCA_015099395.1_ASM1509939v1_5475,True
GCA_015099395.1_ASM1509939v1_5477,True
GCA_015099395.1_ASM1509939v1_5478,False
GCA_015099395.1_ASM1509939v1_5485,False
GCA_015099395.1_ASM1509939v1_5510,False
GCA_015099395.1_ASM1509939v1_553,True
GCA_015099395.1_ASM1509939v1_5537,False
GCA_015099395.1_ASM1509939v1_5579,True
GCA_015099395.1_ASM1509939v1_5581,True
GCA_015099395.1_ASM1509939v1_5601,False
GCA_015099395.1_ASM1509939v1_5607,False
GCA_015099395.1_ASM1509939v1_564,True
GCA_015099395.1_ASM1509939v1_566,True
GCA_015099395.1_ASM1509939v1_5712,True
GCA_015099395.1_ASM1509939v1_5716,False
GCA_015099395.1_ASM1509939v1_5733,False
GCA_015099395.1_ASM1509939v1_5755,False
GCA_015099395.1_ASM1509939v1_5766,False
GCA_015099395.1_ASM1509939v1_5768,False
GCA_015099395.1_ASM1509939v1_577,True
GCA_015099395.1_ASM1509939v1_5807,False
GCA_015099395.1_ASM1509939v1_5820,True
GCA_015099395.1_ASM1509939v1_5861,True
GCA_015099395.1_ASM1509939v1_5875,False
GCA_015099395.1_ASM1509939v1_5901,True
GCA_015099395.1_ASM1509939v1_5920,False
GCA_015099395.1_ASM1509939v1_5922,False
GCA_015099395.1_ASM1509939v1_5927,False
GCA_015099395.1_ASM1509939v1_5936,False
GCA_015099395.1_ASM1509939v1_5943,True
GCA_015099395.1_ASM1509939v1_597,True
GCA_015099395.1_ASM1509939v1_5973,False
GCA_015099395.1_ASM1509939v1_5997,False
GCA_015099395.1_ASM1509939v1_601,True
GCA_015099395.1_ASM1509939v1_6026,True
GCA_015099395.1_ASM1509939v1_6048,False
GCA_015099395.1_ASM1509939v1_6062,False
GCA_015099395.1_ASM1509939v1_6078,False
GCA_015099395.1_ASM1509939v1_6083,False
GCA_015099395.1_ASM1509939v1_6087,False
GCA_015099395.1_ASM1509939v1_6119,True
GCA_015099395.1_ASM1509939v1_6126,False
GCA_015099395.1_ASM1509939v1_6209,False
GCA_015099395.1_ASM1509939v1_623,False
GCA_015099395.1_ASM1509939v1_6234,False
GCA_015099395.1_ASM1509939v1_6264,False
GCA_015099395.1_ASM1509939v1_6265,False
GCA_015099395.1_ASM1509939v1_6328,True
GCA_015099395.1_ASM1509939v1_6332,True
GCA_015099395.1_ASM1509939v1_6351,False
GCA_015099395.1_ASM1509939v1_6356,False
GCA_015099395.1_ASM1509939v1_6392,True
GCA_015099395.1_ASM1509939v1_6437,True
GCA_015099395.1_ASM1509939v1_6449,False
GCA_015099395.1_ASM1509939v1_6490,True
GCA_015099395.1_ASM1509939v1_65,False
GCA_015099395.1_ASM1509939v1_6504,False
GCA_015099395.1_ASM1509939v1_6506,True
GCA_015099395.1_ASM1509939v1_6508,True
GCA_015099395.1_ASM1509939v1_651,False
GCA_015099395.1_ASM1509939v1_6519,True
GCA_015099395.1_ASM1509939v1_6523,True
GCA_015099395.1_ASM1509939v1_6528,False
GCA_015099395.1_ASM1509939v1_653,True
GCA_015099395.1_ASM1509939v1_6538,True
GCA_015099395.1_ASM1509939v1_6539,True
GCA_015099395.1_ASM1509939v1_655,False
GCA_015099395.1_ASM1509939v1_6569,False
GCA_015099395.1_ASM1509939v1_658,True
GCA_015099395.1_ASM1509939v1_6585,False
GCA_015099395.1_ASM1509939v1_662,True
GCA_015099395.1_ASM1509939v1_6654,True
GCA_015099395.1_ASM1509939v1_6677,False
GCA_015099395.1_ASM1509939v1_6682,False
GCA_015099395.1_ASM1509939v1_6723,True
GCA_015099395.1_ASM1509939v1_675,True
GCA_015099395.1_ASM1509939v1_6800,False
GCA_015099395.1_ASM1509939v1_6825,True
GCA_015099395.1_ASM1509939v1_6838,False
GCA_015099395.1_ASM1509939v1_6843,True
GCA_015099395.1_ASM1509939v1_6847,True
GCA_015099395.1_ASM1509939v1_6848,False
GCA_015099395.1_ASM1509939v1_6864,True
GCA_015099395.1_ASM1509939v1_6873,True
GCA_015099395.1_ASM1509939v1_6893,True
GCA_015099395.1_ASM1509939v1_6908,False
GCA_015099395.1_ASM1509939v1_6922,True
GCA_015099395.1_ASM1509939v1_6925,True
GCA_015099395.1_ASM1509939v1_6927,True
GCA_015099395.1_ASM1509939v1_6929,True
GCA_015099395.1_ASM1509939v1_6952,False
GCA_015099395.1_ASM1509939v1_6969,False
GCA_015099395.1_ASM1509939v1_6985,True
GCA_015099395.1_ASM1509939v1_7033,False
GCA_015099395.1_ASM1509939v1_7057,False
GCA_015099395.1_ASM1509939v1_7079,True
GCA_015099395.1_ASM1509939v1_7080,False
GCA_015099395.1_ASM1509939v1_7083,False
GCA_015099395.1_ASM1509939v1_7086,False
GCA_015099395.1_ASM1509939v1_7119,False
GCA_015099395.1_ASM1509939v1_7127,False
GCA_015099395.1_ASM1509939v1_7161,False
GCA_015099395.1_ASM1509939v1_7178,True
GCA_015099395.1_ASM1509939v1_720,False
GCA_015099395.1_ASM1509939v1_730,False
GCA_015099395.1_ASM1509939v1_741,False
GCA_015099395.1_ASM1509939v1_759,False
GCA_015099395.1_ASM1509939v1_765,False
GCA_015099395.1_ASM1509939v1_784,False
GCA_015099395.1_ASM1509939v1_790,True
GCA_015099395.1_ASM1509939v1_819,False
GCA_015099395.1_ASM1509939v1_84,False
GCA_015099395.1_ASM1509939v1_841,False
GCA_015099395.1_ASM1509939v1_846,False
GCA_015099395.1_ASM1509939v1_853,False
GCA_015099395.1_ASM1509939v1_899,True
GCA_015099395.1_ASM1509939v1_908,True
GCA_015099395.1_ASM1509939v1_916,True
GCA_015099395.1_ASM1509939v1_917,True
GCA_015099395.1_ASM1509939v1_937,False
GCA_015099395.1_ASM1509939v1_948,True
GCA_015099395.1_ASM1509939v1_962,False
GCA_015099395.1_ASM1509939v1_990,False
GCA_015200345.1_ASM1520034v1_1,False
GCA_015200345.1_ASM1520034v1_1002,True
GCA_015200345.1_ASM1520034v1_1015,False
GCA_015200345.1_ASM1520034v1_1022,False
GCA_015200345.1_ASM1520034v1_1041,False
GCA_015200345.1_ASM1520034v1_1051,False
GCA_015200345.1_ASM1520034v1_1106,False
GCA_015200345.1_ASM1520034v1_1113,False
GCA_015200345.1_ASM1520034v1_1161,True
GCA_015200345.1_ASM1520034v1_1212,False
GCA_015200345.1_ASM1520034v1_1255,True
GCA_015200345.1_ASM1520034v1_1262,False
GCA_015200345.1_ASM1520034v1_129,False
GCA_015200345.1_ASM1520034v1_133,True
GCA_015200345.1_ASM1520034v1_136,False
GCA_015200345.1_ASM1520034v1_138,True
GCA_015200345.1_ASM1520034v1_1386,False
GCA_015200345.1_ASM1520034v1_1404,True
GCA_015200345.1_ASM1520034v1_1431,False
GCA_015200345.1_ASM1520034v1_1458,False
GCA_015200345.1_ASM1520034v1_1465,False
GCA_015200345.1_ASM1520034v1_1488,False
GCA_015200345.1_ASM1520034v1_1490,False
GCA_015200345.1_ASM1520034v1_1511,False
GCA_015200345.1_ASM1520034v1_1514,False
GCA_015200345.1_ASM1520034v1_1517,False
GCA_015200345.1_ASM1520034v1_1580,False
GCA_015200345.1_ASM1520034v1_165,False
GCA_015200345.1_ASM1520034v1_1691,True
GCA_015200345.1_ASM1520034v1_17,False
GCA_015200345.1_ASM1520034v1_1721,False
GCA_015200345.1_ASM1520034v1_1735,False
GCA_015200345.1_ASM1520034v1_1736,True
GCA_015200345.1_ASM1520034v1_1783,True
GCA_015200345.1_ASM1520034v1_1815,False
GCA_015200345.1_ASM1520034v1_193,True
GCA_015200345.1_ASM1520034v1_1945,True
GCA_015200345.1_ASM1520034v1_1947,False
GCA_015200345.1_ASM1520034v1_2012,False
GCA_015200345.1_ASM1520034v1_2062,False
GCA_015200345.1_ASM1520034v1_2068,False
GCA_015200345.1_ASM1520034v1_209,False
GCA_015200345.1_ASM1520034v1_2115,False
GCA_015200345.1_ASM1520034v1_2124,False
GCA_015200345.1_ASM1520034v1_2141,False
GCA_015200345.1_ASM1520034v1_2180,True
GCA_015200345.1_ASM1520034v1_2200,False
GCA_015200345.1_ASM1520034v1_2214,False
GCA_015200345.1_ASM1520034v1_226,False
GCA_015200345.1_ASM1520034v1_2306,False
GCA_015200345.1_ASM1520034v1_2315,False
GCA_015200345.1_ASM1520034v1_2336,True
GCA_015200345.1_ASM1520034v1_2338,False
GCA_015200345.1_ASM1520034v1_2391,False
GCA_015200345.1_ASM1520034v1_2414,False
GCA_015200345.1_ASM1520034v1_2464,False
GCA_015200345.1_ASM1520034v1_2465,True
GCA_015200345.1_ASM1520034v1_250,False
GCA_015200345.1_ASM1520034v1_2516,True
GCA_015200345.1_ASM1520034v1_2520,False
GCA_015200345.1_ASM1520034v1_2540,False
GCA_015200345.1_ASM1520034v1_2547,True
GCA_015200345.1_ASM1520034v1_2556,True
GCA_015200345.1_ASM1520034v1_2561,True
GCA_015200345.1_ASM1520034v1_2562,False
GCA_015200345.1_ASM1520034v1_2585,True
GCA_015200345.1_ASM1520034v1_2589,False
GCA_015200345.1_ASM1520034v1_2612,True
GCA_015200345.1_ASM1520034v1_2615,False
GCA_015200345.1_ASM1520034v1_2676,True
GCA_015200345.1_ASM1520034v1_2677,True
GCA_015200345.1_ASM1520034v1_2686,False
GCA_015200345.1_ASM1520034v1_2746,True
GCA_015200345.1_ASM1520034v1_2758,False
GCA_015200345.1_ASM1520034v1_2832,False
GCA_015200345.1_ASM1520034v1_2856,False
GCA_015200345.1_ASM1520034v1_2884,False
GCA_015200345.1_ASM1520034v1_2946,True
GCA_015200345.1_ASM1520034v1_2947,False
GCA_015200345.1_ASM1520034v1_2970,False
GCA_015200345.1_ASM1520034v1_2984,False
GCA_015200345.1_ASM1520034v1_299,False
GCA_015200345.1_ASM1520034v1_2991,False
GCA_015200345.1_ASM1520034v1_3004,False
GCA_015200345.1_ASM1520034v1_303,False
GCA_015200345.1_ASM1520034v1_3032,True
GCA_015200345.1_ASM1520034v1_3036,False
GCA_015200345.1_ASM1520034v1_3047,True
GCA_015200345.1_ASM1520034v1_3048,False
GCA_015200345.1_ASM1520034v1_3060,False
GCA_015200345.1_ASM1520034v1_3062,False
GCA_015200345.1_ASM1520034v1_307,True
GCA_015200345.1_ASM1520034v1_3104,True
GCA_015200345.1_ASM1520034v1_321,False
GCA_015200345.1_ASM1520034v1_345,False
GCA_015200345.1_ASM1520034v1_353,False
GCA_015200345.1_ASM1520034v1_354,True
GCA_015200345.1_ASM1520034v1_36,False
GCA_015200345.1_ASM1520034v1_361,False
GCA_015200345.1_ASM1520034v1_397,False
GCA_015200345.1_ASM1520034v1_413,False
GCA_015200345.1_ASM1520034v1_415,False
GCA_015200345.1_ASM1520034v1_422,True
GCA_015200345.1_ASM1520034v1_426,True
GCA_015200345.1_ASM1520034v1_432,False
GCA_015200345.1_ASM1520034v1_442,False
GCA_015200345.1_ASM1520034v1_453,False
GCA_015200345.1_ASM1520034v1_466,False
GCA_015200345.1_ASM1520034v1_47,True
GCA_015200345.1_ASM1520034v1_477,False
GCA_015200345.1_ASM1520034v1_497,False
GCA_015200345.1_ASM1520034v1_51,False
GCA_015200345.1_ASM1520034v1_527,True
GCA_015200345.1_ASM1520034v1_537,False
GCA_015200345.1_ASM1520034v1_545,True
GCA_015200345.1_ASM1520034v1_551,False
GCA_015200345.1_ASM1520034v1_569,False
GCA_015200345.1_ASM1520034v1_674,False
GCA_015200345.1_ASM1520034v1_680,False
GCA_015200345.1_ASM1520034v1_681,False
GCA_015200345.1_ASM1520034v1_717,False
GCA_015200345.1_ASM1520034v1_718,True
GCA_015200345.1_ASM1520034v1_727,True
GCA_015200345.1_ASM1520034v1_748,False
GCA_015200345.1_ASM1520034v1_78,False
GCA_015200345.1_ASM1520034v1_803,False
GCA_015200345.1_ASM1520034v1_838,False
GCA_015200345.1_ASM1520034v1_875,False
GCA_015200345.1_ASM1520034v1_883,True
GCA_015200345.1_ASM1520034v1_9,False
GCA_015200345.1_ASM1520034v1_925,True
GCA_015200345.1_ASM1520034v1_964,False
